Workbook

Sheet User Profile
B1: GYM PROGRESS TRACKER
B2: User Profile Sheet
B4: PERSONAL DETAILS
B5: Field | C5: Value | D5: Unit | E5: Notes
B6: Full Name | C6: Sawan | D6: — | E6: Enter your name here
B7: Age | C7: 21 | D7: Years
B8: Height | C8: 179 | D8: cm | E8: In centimetres
B9: Weight | C9: 79 | D9: kg | E9: Current body weight
B10: Gender | C10: Male | D10: — | E10: Male / Female
B11: Fitness Goal | C11: Weight Loss | D11: — | E11: Weight Loss / Muscle Gain
B12: Start Date | C12: 46125 | D12: Date | E12: Program start date
B14: BMI CALCULATOR
B15: Metric | C15: Result | D15: Unit | E15: Notes
B16: Height (m) | C16: =C8/100 -> 1.79 | D16: m | E16: Auto from cm above
B17: Weight (kg) | C17: =C9 -> 79 | D17: kg | E17: From profile above
B18: BMI Score | C18: =C9/((C8/100)^2) -> 24.65591 | D18: kg/m² | E18: Weight ÷ Height²
B19: BMI Category | C19: =IF(C18<18.5,"Underweight",IF(C18<25,"Normal",IF(C18<30,"Overweight","Obese"))) -> Normal | D19: — | E19: WHO Classification
B21: BMI REFERENCE
B22: Category | C22: Range | D22: Color Code | E22: Action
B23: Underweight | C23: < 18.5 | D23: Blue | E23: Increase caloric intake
B24: Normal | C24: 18.5–24.9 | D24: Green | E24: Maintain current routine
B25: Overweight | C25: 25–29.9 | D25: Yellow | E25: More cardio + diet control
B26: Obese | C26: ≥ 30 | D26: Red | E26: Consult a doctor

Sheet Workout Log
B1: DAILY WORKOUT LOG
B2: Log every session — Date, Exercise, Sets, Reps, Weight
B4: Date | C4: Exercise | D4: Muscle Group | E4: Sets | F4: Reps | G4: Weight (kg) | H4: Volume | I4: Notes
B5: 46119 | C5: Bench Press | D5: Chest | E5: 4 | F5: 10 | G5: 60 | H5: =E5*F5*G5 -> 2400
B6: 46119 | C6: Incline Press | D6: Chest | E6: 3 | F6: 12 | G6: 30 | H6: =E6*F6*G6 -> 1080
B7: 46120 | C7: Squats | D7: Legs | E7: 4 | F7: 10 | G7: 80 | H7: =E7*F7*G7 -> 3200
B8: 46120 | C8: Leg Press | D8: Legs | E8: 3 | F8: 15 | G8: 100 | H8: =E8*F8*G8 -> 4500
B9: 46121 | C9: Deadlift | D9: Back | E9: 4 | F9: 8 | G9: 90 | H9: =E9*F9*G9 -> 2880
B10: 46121 | C10: Pull-ups | D10: Back | E10: 3 | F10: 10 | G10: 0 | H10: =E10*F10*G10 -> 0
B11: 46122 | C11: Shoulder Press | D11: Shoulders | E11: 3 | F11: 10 | G11: 40 | H11: =E11*F11*G11 -> 1200
B12: 46123 | C12: Bicep Curls | D12: Arms | E12: 3 | F12: 12 | G12: 15 | H12: =E12*F12*G12 -> 540
B13: 46123 | C13: Tricep Dips | D13: Arms | E13: 3 | F13: 12 | G13: 0 | H13: =E13*F13*G13 -> 0
B14: 46124 | C14: Treadmill | D14: Cardio | E14: 1 | F14: 20 | G14: 0 | H14: =E14*F14*G14 -> 0
B15: 46125 | C15: Bench Press | D15: Chest | E15: 4 | F15: 10 | G15: 65 | H15: =E15*F15*G15 -> 2600
B16: 46125 | C16: Squats | D16: Legs | E16: 4 | F16: 10 | G16: 85 | H16: =E16*F16*G16 -> 3400
B18: TOTALS | F18: =SUM(E5:E16) -> 39 | G18: =SUM(F5:F16) -> 139 | H18: =SUM(H5:H16) -> 21800 | I18: =COUNTA(B5:B16) -> 12

Sheet Measurements
B1: BODY MEASUREMENTS TRACKER
B2: Track your body changes every week
B4: Date | C4: Weight (kg) | D4: Chest (cm) | E4: Waist (cm) | F4: Arms (cm) | G4: Thighs (cm) | H4: Wt Change | I4: Chest Δ | J4: Waist Δ | K4: Arms Δ
B5: 46083 | C5: 76 | D5: 98 | E5: 86 | F5: 33 | G5: 56 | H5: — | I5: — | J5: — | K5: —
B6: 46090 | C6: 75.2 | D6: 97 | E6: 85 | F6: 33.5 | G6: 55.5 | H6: =C6-C5 -> -0.8 | I6: =D6-D5 -> -1 | J6: =E6-E5 -> -1 | K6: =F6-F5 -> 0.5
B7: 46097 | C7: 74.5 | D7: 96 | E7: 84 | F7: 34 | G7: 55 | H7: =C7-C6 -> -0.7 | I7: =D7-D6 -> -1 | J7: =E7-E6 -> -1 | K7: =F7-F6 -> 0.5
B8: 46104 | C8: 73.8 | D8: 95 | E8: 83 | F8: 34.5 | G8: 54.5 | H8: =C8-C7 -> -0.7 | I8: =D8-D7 -> -1 | J8: =E8-E7 -> -1 | K8: =F8-F7 -> 0.5
B9: 46111 | C9: 73 | D9: 94 | E9: 82 | F9: 35 | G9: 54 | H9: =C9-C8 -> -0.8 | I9: =D9-D8 -> -1 | J9: =E9-E8 -> -1 | K9: =F9-F8 -> 0.5
B10: 46118 | C10: 72.5 | D10: 93 | E10: 81 | F10: 35.5 | G10: 53.5 | H10: =C10-C9 -> -0.5 | I10: =D10-D9 -> -1 | J10: =E10-E9 -> -1 | K10: =F10-F9 -> 0.5
B11: 46125 | C11: 72 | D11: 92 | E11: 80 | F11: 36 | G11: 53 | H11: =C11-C10 -> -0.5 | I11: =D11-D10 -> -1 | J11: =E11-E10 -> -1 | K11: =F11-F10 -> 0.5

Sheet Dashboard
B1: GYM PROGRESS DASHBOARD
B2: Your complete fitness summary at a glance
B4: Current Weight | D4: BMI Score | F4: Total Workouts | H4: Total Volume
B5: ='User Profile'!C9 -> 79 | D5: ='User Profile'!C18 -> 24.65591 | F5: =COUNTA('Workout Log'!B5:B200) -> 13 | H5: =SUM('Workout Log'!H5:H200) -> 43600
B6: kg | D6: — | F6: sessions | H6: kg
B31: QUICK STATS
B32: Metric | C32: Value
B33: Starting Weight | C33: ='User Profile'!C9 -> 79
B34: Current BMI | C34: ='User Profile'!C18 -> 24.65591
B35: BMI Category | C35: ='User Profile'!C19 -> Normal
B36: Fitness Goal | C36: ='User Profile'!C13 -> 0

Sheet Weekly Summary
B1: WEEKLY PROGRESS SUMMARY
B2: Weekly averages, totals, and improvement percentages
B4: Week | C4: Avg Weight (kg) | D4: Workouts | E4: Total Volume (kg) | F4: Weight Change % | G4: Volume Change % | H4: Status
B5: Week 1 | C5: 75.6 | D5: 4 | E5: 3200 | F5: Baseline | G5: Baseline | H5: 🚀 Start
B6: Week 2 | C6: 74.8 | D6: 5 | E6: 3450 | F6: =(C6-C5)/C5*100 -> -1.0582011 | G6: =(E6-E5)/E5*100 -> 7.8125 | H6: =IF(E6>E5,"✅ Improving","⚠️ Review") -> ✅ Improving
B7: Week 3 | C7: 74.1 | D7: 4 | E7: 3600 | F7: =(C7-C6)/C6*100 -> -0.93582888 | G7: =(E7-E6)/E6*100 -> 4.3478261 | H7: =IF(E7>E6,"✅ Improving","⚠️ Review") -> ✅ Improving
B8: Week 4 | C8: 73.4 | D8: 5 | E8: 3800 | F8: =(C8-C7)/C7*100 -> -0.94466937 | G8: =(E8-E7)/E7*100 -> 5.5555556 | H8: =IF(E8>E7,"✅ Improving","⚠️ Review") -> ✅ Improving
B9: Week 5 | C9: 72.7 | D9: 5 | E9: 4100 | F9: =(C9-C8)/C8*100 -> -0.95367847 | G9: =(E9-E8)/E8*100 -> 7.8947368 | H9: =IF(E9>E8,"✅ Improving","⚠️ Review") -> ✅ Improving
B10: Week 6 | C10: 72 | D10: 6 | E10: 4400 | F10: =(C10-C9)/C9*100 -> -0.96286107 | G10: =(E10-E9)/E9*100 -> 7.3170732 | H10: =IF(E10>E9,"✅ Improving","⚠️ Review") -> ✅ Improving
B13: OVERALL SUMMARY
B14: Metric | C14: Value
B15: Start Weight (kg) | C15: =C5 -> 75.6
B16: Current Weight (kg) | C16: =C10 -> 72
B17: Total Weight Lost | C17: =C5-C10 -> 3.6
B18: Best Volume Week | C18: =MAX(E5:E10) -> 4400
B19: Average Volume/Week | C19: =AVERAGE(E5:E10) -> 3758.3333
